{
    "platforms": [
        {"image": "ground", "x": -700, "y": 470},
        {"image": "ground", "x": 350, "y": 470},
        {"image": "dirt", "x": 0, "y": 0},
        {"image": "dirt", "x": 0, "y": 72},
        {"image": "dirt", "x": -700, "y": 546},        
        {"image": "dirt", "x": 350, "y": 546}
    ],
    "decoration": [
        {"frame": 0, "x": 84, "y": 504}, {"frame": 1, "x": 420, "y": 504},
        {"frame": 3, "x": 672, "y": 504}, {"frame": 4, "x": 595, "y": 462},
        {"frame": 2, "x": 142, "y": 378}, {"frame": 1, "x": 168, "y": 378},
        {"frame": 0, "x": 714, "y": 336},
        {"frame": 4, "x": 420, "y": 294},
        {"frame": 1, "x": 515, "y": 126}, {"frame": 3, "x": 525, "y": 126}
    ],
    "coins": [
        {"x": 231, "y": 524}, {"x": 273, "y": 524}, {"x": 315, "y": 524}, {"x": 357, "y": 524},
        {"x": 819, "y": 524}, {"x": 861, "y": 524}, {"x": 903, "y": 524}, {"x": 945, "y": 524},
        {"x": 399, "y": 294}, {"x": 357, "y": 315}, {"x": 336, "y": 357},
        {"x": 777, "y": 357}, {"x": 819, "y": 357}, {"x": 861, "y": 357}, {"x": 903, "y": 357}, {"x": 945, "y": 357},
        {"x": 189, "y": 231}, {"x": 231, "y": 231},
        {"x": 525, "y": 147}, {"x": 567, "y": 147}, {"x": 609, "y": 147}, {"x": 651, "y": 147},
        {"x": 819, "y": 63}, {"x": 861, "y": 63}
    ],
    "move": [
        {"image": "ground_1", "x": 265, "y": 470, "direction": "right"}
    ],
    "spike": [{"x": 350, "y": 570}, {"x": 300, "y": 570}, {"x": 420, "y": 350}, {"x": 370, "y": 350}, {"x": 520, "y": 350}, {"x": 570, "y": 350}, {"x": 620, "y": 350}, {"x": 670, "y": 350}],
    "hero": {"x": 21, "y": 445},
    "spiders": [{"x": 300, "y": 455}],
    "door": {"x": 800, "y": 470},
    "key": {"x": 903, "y": 105},
    "kill": [{"x": 350, "y": 570}],
    "hasCoins": false,
    "haskey": true
}
